roomID,Number_of_People
uDhLQT,132
yw6EcK,119
ZsHmDc,95
jOkz1q,92
RRG3Jh,74
Ldovzo,68
bAmGhf,62
fd9s28,52
MEJqLC,51
1f7bFC,49
IgUGHH,48
2wpTye,37
jEVpfi,3
VtxbQG,2
ezrXjl,2
jkSgqU,2
KXt6C1,2
FBnD4d,2
YcC4W9,1
lMrJf3,1
ogJInz,1
jXG0nB,1
sKQhiN,1
iElWxn,1
sQJTZs,1
vdQgYk,1
vfgwyL,1
xj2LLQ,1
ds1sYz,1
xkt1nD,1
y2A4JJ,1
14I0Hy,1
UAdawP,1
YZrbZj,1
Wy1PdE,1
3e8Fcm,1
5fkuFu,1
5y5lEm,1
7SdNbG,1
7lzRWt,1
8RHbbt,1
C0jTYu,1
DGcOiS,1
E0ZdI9,1
HbPZ0d,1
I0YPwG,1
M0fRFa,1
NB58EM,1
OjgkSr,1
PQYLWR,1
Pj7WlJ,1
Q3kVO8,1
Skrxz0,1
VAwJ02,1
zZoCYV,1
